"RSID","CHROM","POS","REF","ALT","AF","AFR_AF","EUR_AF","EAS_AF","SAS_AF","AMR_AF"
"rs4830964","X",15515319,"C","G",0.480265,0.8026,0.3864,0.4202,0.2145,0.4523
"rs35697037","X",15542116,"G","A",0.331656,0.2662,0.3838,0.4188,0.2354,0.3855
"rs60768809","X",15547161,"T","C",0.106755,0.324,0.0039,0,0.0808,0.0324
"rs190509934","X",15620340,"T","C",0.00927152,0.006,0.0026,0,0.0334,0.0057
